Product,Product Name,Price,Description,Product Image
1.,Fashion Striped 2 Pieces Set Camisole & High Waist Skirt ,$16.98,*2 Pieces;*Striped;*Tops & Skirts;*Machine Wash Cold;,https://i5.walmartimages.com/asr/bc255a62-c053-4acc-b720-2d9940c4d959_1.4c3a44710bb797f5fe22c333f51978e2.jpeg?odnHeight=450&odnWidth=450&odnBg=FFFFFF
2.,Better Homes And Gardens Extra Absorbent 6 Piece Towel Set ,$13.19,"2 bath towels, 2 hand towels and 2 washcloths100 percent CottonMachine washable",https://i5.walmartimages.com/asr/704e573b-8ea7-40f8-a62e-afe567efc2ad_1.c11c2cb63cec2fdb2356813a8f615bd0.jpeg?odnHeight=450&odnWidth=450&odnBg=FFFFFF
3.,Coffee-Mate Coffee Creamer French Vanilla 15 oz ,$3.32,"Coffee-mate French Vanilla powdered creamer is a rich and delicious, creamy classic. Served in a multi-serve canister, this powdered creamer is an economical creamer solution for the budget-conscious. With this popular brand of creamer in the office, everyone can enjoy coffeehouse indulgence without",https://i5.walmartimages.com/asr/9f3f8d3d-ccab-477c-bbd3-8e91a2a8d724_1.a7941be7d61b0ffdaa8ae9a06eb22334.jpeg?odnHeight=450&odnWidth=450&odnBg=FFFFFF
4.,Time and Tru Women's Perforated Twin Gore Slip-On Sneaker ,$12.88,Man-made materials Shoes Sneaker,https://i5.walmartimages.com/asr/17b309e5-1c2e-4a14-84ab-dc019e681256_1.6b8cf775965af114d7c31ce131d2bb2f.jpeg?odnHeight=450&odnWidth=450&odnBg=FFFFFF
5.,Mainstays Garden Floral Bed in a Bag Bedding Set ,$44.82,Mainstays Ms Navy Floral Bnb Queen,https://i5.walmartimages.com/asr/482d3305-9145-405b-8ded-345f9a1b4fd2_1.679ed16c58b4b05d17ca08a1d928471a.jpeg?odnHeight=450&odnWidth=450&odnBg=FFFFFF
6.,The Pioneer Woman Ree's Garden 16x16 Decorative Pillow ,$29.88,"Ree's Garden 16 x16"" dec pillowCotton canvas front and reverseEmbroidered frontHidden zipper",https://i5.walmartimages.com/asr/2aead707-ec4f-4b46-b346-feac5b022d95_1.413bffcc2e4d882ebe6dce81f577694d.jpeg?odnHeight=450&odnWidth=450&odnBg=FFFFFF
7.,Woman Nylon Tassel Pendant Fish Hook Earrings Royal Blue 4.5 Inch Length Pair ,$10.45,"Size: 11.5 x 2cm/ 4.5"" x 0.8""(L*W); Pearl Type: NA; Material Type: NAGem Type: NA; Metal Type: base; Package Content: Pair x Tassel EarringsStyle: Drop/Dangle; Material: Nylon,MetalNet Weight: 6g",https://i5.walmartimages.com/asr/cff6c3a3-02f2-49c6-9189-7e2d1e95f246_1.483b9cd253b2a2a412181f5cb3e6569e.jpeg?odnHeight=450&odnWidth=450&odnBg=FFFFFF
8.,17 Inch Triple Pocket Cotton Canvas Backpack ,$8.88, 17 inch Aztec cotton design   Padded Adjustable Straps  two cotton side pocketsAdjustable strings,https://i5.walmartimages.com/asr/802c3b53-57e9-4515-8d83-f2490b489032_1.363fe5465dcd3a98d35226f44b09acbe.jpeg?odnHeight=450&odnWidth=450&odnBg=FFFFFF
9.,"Burt's Bees Flavor Crystals 100% Natural Lip Balm, Sweet Orange with Beeswax & Fruit Extracts - 1 Tube ",$1.99,Burt’s Bees flavor crystals 100% natural lip balm Sweet orange flavor Fruity flavor burst when crystals melt ,https://i5.walmartimages.com/asr/c1dc8dbd-749d-4613-877b-9042173d5a4b_1.6f61f90ef4e2cfd56fc32b93a3767e87.jpeg?odnHeight=450&odnWidth=450&odnBg=FFFFFF
10.,Barn Board Grey Thin Plank Wallpaper ,$16.47,"Features:  -Washable and strippable.  -10.43-in repeat, drop match.  Product Type: -Roll.  Application Type: -Non-pasted.  Washable: -Yes.  Pattern: -Brick.  Removal Type: -Strippable.  Texture and Finish: -Semi-Gloss. Color Brown -  Style (Old): -Modern. Dimensions:  -Plank Width: 6"".  Overall Product Weight: -1.86 lbs.  Wallpaper Roll Width: -20.5"".  Square Footage per Roll: -56.4 Square Feet.",https://i5.walmartimages.com/asr/013c7cd8-159c-438f-af4c-4a037641c10b_1.175cdc90bfbf4983e2ff82d7088bc666.jpeg?odnHeight=450&odnWidth=450&odnBg=FFFFFF
